Workbook

Sheet Introduction
B2: Life Cycle Assessment: Paper Cup vs. Plastic Cup
B3: A simplified LCA comparing the environmental impacts of one paper cup vs. one plastic (polystyrene) cup
B5: WHAT IS LIFE CYCLE ASSESSMENT (LCA)?
B6: LCA quantifies the environmental impacts of a product across its entire life — from raw material extraction through manufacturing, use, and end-of-life disposal ('cradle to grave').
B8: THE FOUR PHASES OF LCA
B9: 1. Goal & Scope | C9: Define what you are comparing and the functional unit (the basis of comparison).
B10: 2. Inventory Analysis | C10: List all inputs (materials, energy) and outputs (emissions, waste) for each life stage.
B11: 3. Impact Assessment | C11: Multiply inventory quantities by impact factors to get environmental scores.
B12: 4. Interpretation | C12: Compare totals and draw conclusions about which option is better and why.
B14: THIS WORKBOOK
B15: Sheet | C15: Contents
B16: Goal & Scope | C16: Functional unit, system boundary, life stages covered
B17: Inventory | C17: Mass/energy inputs and emissions per cup (user-editable inputs in blue)
B18: Impact Assessment | C18: CO₂-eq and water-use scores calculated from inventory
B19: Results | C19: Side-by-side comparison chart and summary
B21: ⬤ Blue cells = user inputs you can change. Black cells = formulas.

Sheet Goal & Scope
B1: PHASE 1 — GOAL & SCOPE
B3: GOAL
B4: Study purpose | C4: Compare the environmental burdens of serving one hot beverage in a paper cup vs. a polystyrene (PS) foam cup.
B5: Intended audience | C5: Students learning LCA methodology; sustainability educators.
B6: FUNCTIONAL UNIT
B7: Definition | C7: One cup used to serve one hot beverage (approx. 12 oz / 355 mL)
B8: Rationale | C8: Both cups perform the same function; a single cup is the simplest comparable unit.
B9: SYSTEM BOUNDARY
B10: Cradle-to-grave | C10: Raw material extraction → Manufacturing → Distribution → Use → End-of-life
B11: Excluded | C11: Consumer travel to store; dishwashing (cups are single-use); infrastructure capital goods.
B12: IMPACT CATEGORIES
B13: Global Warming | C13: kg CO₂-equivalent (GWP100) — the most common LCA impact category
B14: Water Use | C14: Liters of freshwater consumed (a key differentiator between paper and plastic)
B15: DATA SOURCES
B16: Paper cup | C16: Hocking (1994); Franklin Associates; ecoinvent v3 estimates
B17: PS foam cup | C17: Hocking (1991, 1994); Franklin Associates; industry EPDs
B18: Note | C18: Values are illustrative order-of-magnitude estimates suitable for teaching. Real LCAs use certified databases (ecoinvent, GaBi).

Sheet Inventory
B1: PHASE 2 — INVENTORY ANALYSIS (LCI)
B2: Organized by the three standard LCI categories (ISO 14040). Blue cells are user inputs.
B4: Flow | C4: Paper Cup | D4: PS Foam Cup | E4: Unit | F4: Notes / Source (Paper) | G4: Notes / Source (PS)
B5: PROCESSES — intermediate product flows between unit processes (materials & services bought from the supply chain)
B6: Virgin wood pulp (from forestry process) | C6: 10.1 | D6: 0 | E6: g | F6: Franklin Assoc. | G6: N/A — not used
B7: Polyethylene resin (from plastics process) | C7: 1.5 | D7: 0 | E7: g | F7: Franklin Assoc. | G7: N/A — coating only
B8: Polystyrene resin (from petrochemical proc.) | C8: 0 | D8: 3.5 | E8: g | F8: N/A | G8: Hocking 1994
B9: Petroleum feedstock (embodied in PS) | C9: 0 | D9: 5.5 | E9: g | F9: N/A | G9: ecoinvent est.
B10: Electricity (from grid process) | C10: 0.025 | D10: 0.012 | E10: MJ | F10: Franklin Assoc. | G10: Hocking 1994
B11: Thermal energy / steam (from energy proc.) | C11: 0.062 | D11: 0.031 | E11: MJ | F11: Franklin Assoc. | G11: Hocking 1994
B12: Road transport service (truck, per cup) | C12: 0.005 | D12: 0.003 | E12: MJ | F12: est. | G12: est.
B13: Landfill disposal service (per cup) | C13: 1 | D13: 1 | E13: fraction disposed | F13: assumption | G13: assumption
B15: INPUTS — elementary flows from nature (resources extracted directly from the environment)
B16: Freshwater withdrawn (pulping / process) | C16: 13.1 | D16: 0.4 | E16: L | F16: Franklin Assoc. | G16: Hocking 1994
B17: Freshwater withdrawn (cooling) | C17: 1.2 | D17: 0.3 | E17: L | F17: est. | G17: est.
B18: Land use (forestry, per cup share) | C18: 0.05 | D18: 0 | E18: m²·yr | F18: ecoinvent est. | G18: N/A
B19: Crude oil extracted (feedstock + energy) | C19: 2.1 | D19: 6.8 | E19: g | F19: est. | G19: Hocking 1994
B21: OUTPUTS — elementary flows to nature (emissions released to air, water, or land)
B22: CO₂ to air (manufacturing) | C22: 4 | D22: 2 | E22: g CO₂ | F22: Franklin Assoc. | G22: Hocking 1994
B23: CH₄ to air (landfill decomposition) | C23: 0.8 | D23: 0.1 | E23: g CO₂-eq | F23: IPCC CH4 factor | G23: IPCC CH4 factor
B24: NOₓ to air (transport combustion) | C24: 0.02 | D24: 0.01 | E24: g | F24: est. | G24: est.
B25: BOD to water (pulping effluent) | C25: 0.3 | D25: 0 | E25: g | F25: Franklin Assoc. | G25: N/A
B26: Solid waste to land (cup body at end of life) | C26: 11.6 | D26: 3.5 | E26: g | F26: cup mass | G26: cup mass
B28: Color key: Gray = Processes (intermediate flows) Green = Inputs from nature Orange = Outputs to nature

Sheet Impact Assessment
B1: PHASE 3 — IMPACT ASSESSMENT
B2: Inventory flows multiplied by characterization factors to produce environmental scores.
B4: A. GLOBAL WARMING POTENTIAL (GWP) — kg CO₂-equivalent per cup
B5: Flow (from Inventory) | C5: Paper Cup (inventory unit) | D5: PS Cup (inventory unit) | E5: Char. Factor (kg CO₂-eq/unit) | F5: Paper GWP (kg CO₂-eq) | G5: PS GWP (kg CO₂-eq) | H5: LCI Category
B6: CO₂ to air — manufacturing (g CO₂) | C6: =Inventory!C22 -> 4 | D6: =Inventory!D22 -> 2 | E6: 0.001 | F6: =C6*E6 -> 0.004 | G6: =D6*E6 -> 0.002 | H6: Output
B7: CH₄ to air — landfill (g CO₂-eq) | C7: =Inventory!C23 -> 0.8 | D7: =Inventory!D23 -> 0.1 | E7: 0.001 | F7: =C7*E7 -> 0.0008 | G7: =D7*E7 -> 0.0001 | H7: Output
B8: Thermal energy — steam (MJ) | C8: =Inventory!C11 -> 0.062 | D8: =Inventory!D11 -> 0.031 | E8: 0.056 | F8: =C8*E8 -> 0.003472 | G8: =D8*E8 -> 0.001736 | H8: Process
B9: Electricity — grid (MJ) | C9: =Inventory!C10 -> 0.025 | D9: =Inventory!D10 -> 0.012 | E9: 0.1 | F9: =C9*E9 -> 0.0025 | G9: =D9*E9 -> 0.0012 | H9: Process
B10: Road transport — diesel truck (MJ) | C10: =Inventory!C12 -> 0.005 | D10: =Inventory!D12 -> 0.003 | E10: 0.074 | F10: =C10*E10 -> 0.00037 | G10: =D10*E10 -> 0.000222 | H10: Process
B11: TOTAL GWP (kg CO₂-eq per cup) | F11: =SUM(F6:F10) -> 0.011142 | G11: =SUM(G6:G10) -> 0.005258
B13: B. FRESHWATER CONSUMPTION — Liters per cup
B14: Flow (from Inventory) | C14: Paper Cup (L) | D14: PS Cup (L) | E14: Char. Factor (dimensionless) | F14: Paper Water (L) | G14: PS Water (L) | H14: LCI Category
B15: Freshwater withdrawn — pulping/process (L) | C15: =Inventory!C16 -> 13.1 | D15: =Inventory!D16 -> 0.4 | E15: 1 | F15: =C15*E15 -> 13.1 | G15: =D15*E15 -> 0.4 | H15: Input
B16: Freshwater withdrawn — cooling (L) | C16: =Inventory!C17 -> 1.2 | D16: =Inventory!D17 -> 0.3 | E16: 1 | F16: =C16*E16 -> 1.2 | G16: =D16*E16 -> 0.3 | H16: Input
B17: TOTAL WATER USE (L per cup) | F17: =SUM(F15:F16) -> 14.3 | G17: =SUM(G15:G16) -> 0.7

Sheet Results
B1: PHASE 4 — RESULTS & INTERPRETATION
B3: SUMMARY TABLE
B4: Impact Category | C4: Paper Cup | D4: PS Foam Cup | E4: Difference (Paper − PS) | F4: Interpretation
B5: Global Warming Potential (kg CO₂-eq) | C5: ='Impact Assessment'!F11 -> 0.011142 | D5: ='Impact Assessment'!G11 -> 0.005258 | E5: =C5-D5 -> 0.005884 | F5: PS foam cup has lower GWP due to less energy-intensive manufacturing and no methane from landfill. Paper's bleaching/pulping is carbon-intensive.
B6: Freshwater Consumption (L) | C6: ='Impact Assessment'!F17 -> 14.3 | D6: ='Impact Assessment'!G17 -> 0.7 | E6: =C6-D6 -> 13.6 | F6: Paper cups require ~30-40× more water due to pulping and papermaking processes. This is often the strongest argument against paper cups.
B8: KEY TAKEAWAYS
B9: 1. No clear 'green' winner | C9: Paper cups score worse on water use and comparably or worse on GWP. PS foam scores worse on fossil resource depletion (not modeled here). Context matters.
B10: 2. Functional unit matters | C10: If a paper cup is reused (e.g. rinsed and reused 2×), its per-use impacts halve. LCA is always tied to the functional unit.
B11: 3. End-of-life dominates some impacts | C11: Landfill methane from paper is significant. Composting or recycling changes the result substantially.
B12: 4. Data uncertainty | C12: These are illustrative estimates. Real LCAs require certified background databases (ecoinvent, GaBi) and uncertainty analysis.
B13: 5. Try it yourself | C13: Change the blue input cells in the Inventory and Impact Assessment sheets to see how sensitive the results are.
