Workbook

Sheet Gasoline and electric vehicles
A1: kg/t conversion factor | B1: 1000
A2: g/kg | B2: 1000 | AD2: Gas Vehicle spreadsheet calculations | AE2: Gas Vehicle Open LCA | AF2: Electric Vehicle spreadsheet calculations | AG2: Electric Vehicle Open LCA | AH2: Electric Vehicle - Wind spreadsheet calculations | AI2: Electric Vehicle-Wind Open LCA | AJ2: Electric Vehicle - Photovoltaic spreadsheet calculations | AK2: Electric Vehicle - Photovoltaic Open LCA | AL2: Electric Vehicle - Hard coal spreadsheet calculations | AO2: GHG CO2equ. kgCO2equ over lifetime | AP2: Cumulative graph | AV2: GHG CO2equ. kgCO2equ/FU | AW2: Graph per FU
AC3: Lifetime distance km | AD3: 150000 | AF3: =1.5*$AD3 -> 225000 | AH3: =1.5*$AD3 -> 225000 | AJ3: =1.5*$AD3 -> 225000 | AL3: =1.5*$AD3 -> 225000
A4: Transportation by Gas Vehicle FU= 1 vehicle km Life Cycle stage (150,000 km lifespan) | B4: Quantity per FU | C4: Unit | D4: Energy/Unit [MJ/Unit] | E4: Energy per FU [MJ/FU] | F4: fraction | G4: CO2/Unit [kg/unit] | H4: CO2 fossil/FU | I4: fraction2 | J4: Check g CO2/MJ | K4: CO2equ/Unit [kg/unit]2 | L4: CO2equ./FU | M4: fraction3 | O4: Energy MJ/FU | P4: Gas Vehicle | Q4: Electric Vehicle | R4: Electric Vehicle - Wind | S4: Electric Vehicle - Photovoltaic | T4: Electric Vehicle - hard coal | V4: Fossil CO2 kgCO2/FU | W4: Gas Vehicle | X4: Electric Vehicle | Y4: Electric Vehicle - Wind | Z4: Electric Vehicle - Photovoltaic | AA4: Electric Vehicle - hard coal | AC4: GHG CO2equ. kgCO2equ/FU | AD4: Gas Vehicle | AF4: Electric Vehicle - EU mix | AH4: Electric Vehicle - Wind | AJ4: Electric Vehicle - Photovoltaic | AL4: Electric Vehicle - hard coal | AO4: Distance over Lifetime | AP4: Gas Vehicle | AQ4: Electric Vehicle - EU mix | AR4: Electric Vehicle - Wind | AS4: Electric Vehicle - Photovoltaic | AT4: Electric Vehicle - Hard coal | AV4: Distance over Lifetime | AW4: Gas Vehicle | AX4: Electric Vehicle | AY4: Electric Vehicle - Wind | AZ4: Electric Vehicle - Photovoltaic | BA4: Electric Vehicle - Hard coal
A5: Manufacturing (Materials + Processing) | O5: Car manufacturing | P5: =SUM(E6:E28) -> 0 | Q5: =SUM($E$49:$E$62) -> 0 | R5: =SUM($E$49:$E$62) -> 0 | S5: =SUM($E$49:$E$62) -> 0 | T5: =SUM($E$49:$E$62) -> 0 | V5: Car manufacturing | W5: =SUM(H6:H28) -> 0 | X5: =SUM($H$49:$H$62) -> 0 | Y5: =SUM($H$49:$H$62) -> 0 | Z5: =SUM($H$49:$H$62) -> 0 | AA5: =SUM($H$49:$H$62) -> 0 | AC5: Car manufacturing | AD5: =SUM(L6:L28) -> 0 | AF5: =SUM($L$49:$L$62) -> 0 | AH5: =SUM($L$49:$L$62) -> 0 | AJ5: =SUM($L$49:$L$62) -> 0 | AL5: =SUM($L$49:$L$62) -> 0 | AO5: 0 | AP5: =SUM(AD5:AD6)*AD3 -> 0 | AQ5: =SUM(AF5:AF6)*AF3 -> 0 | AR5: =SUM(AH5:AH6)*AH3 -> 0 | AS5: =SUM(AJ5:AJ6)*AJ3 -> 0 | AT5: =SUM(AL5:AL6)*AL3 -> 0 | AV5: 0.01 | AW5: =AP5/$AV5 -> 0 | AX5: =AQ5/$AV5 -> 0 | AY5: =AR5/$AV5 -> 0 | AZ5: =AS5/$AV5 -> 0 | BA5: =AT5/$AV5 -> 0
C6: kg | E6: =D6*$B6 -> 0 | F6: =E6/E$43 -> #DIV/0! | H6: =G6*$B6 -> 0 | I6: =H6/H$43 -> #DIV/0! | J6: =H6/E6*$B$2 -> #DIV/0! | L6: =K6*$B6 -> 0 | M6: =L6/L$43 -> #DIV/0! | O6: Car transportation | P6: =SUM(E30:E32) -> 0 | Q6: =SUM($E$64:$E$66) -> 0 | R6: =SUM($E$64:$E$66) -> 0 | S6: =SUM($E$64:$E$66) -> 0 | T6: =SUM($E$64:$E$66) -> 0 | V6: Car transportation | W6: =SUM(H30:H32) -> 0 | X6: =SUM($H$64:$H$66) -> 0 | Y6: =SUM($H$64:$H$66) -> 0 | Z6: =SUM($H$64:$H$66) -> 0 | AA6: =SUM($H$64:$H$66) -> 0 | AC6: Car transportation | AD6: =SUM(L30:L32) -> 0 | AF6: =SUM($L$64:$L$66) -> 0 | AH6: =SUM($L$64:$L$66) -> 0 | AJ6: =SUM($L$64:$L$66) -> 0 | AL6: =SUM($L$64:$L$66) -> 0 | AO6: 1000 | AP6: =AP$5+AD$8*$AO6 -> 0 | AQ6: =AQ$5+AF$9*$AO6 -> 0 | AR6: =AR$5+AH$10*$AO6 -> 0 | AS6: =AS$5+AJ$11*$AO6 -> 0 | AT6: =AT$5+AL$12*$AO6 -> 0 | AV6: =AO6 -> 1000 | AW6: =AP6/$AV6 -> 0 | AX6: =AQ6/$AV6 -> 0 | AY6: =AR6/$AV6 -> 0 | AZ6: =AS6/$AV6 -> 0 | BA6: =AT6/$AV6 -> 0
C7: kg | E7: =D7*$B7 -> 0 | F7: =E7/E$43 -> #DIV/0! | H7: =G7*$B7 -> 0 | I7: =H7/H$43 -> #DIV/0! | J7: =H7/E7*$B$2 -> #DIV/0! | L7: =K7*$B7 -> 0 | M7: =L7/L$43 -> #DIV/0! | O7: Car disposal | P7: =SUM(E37:E41) -> 0 | Q7: =SUM($E$73:$E$78) -> 0 | R7: =SUM($E$73:$E$78) -> 0 | S7: =SUM($E$73:$E$78) -> 0 | T7: =SUM($E$73:$E$78) -> 0 | V7: Car disposal | W7: =SUM(H37:H41) -> 0 | X7: =SUM($H$73:$H$78) -> 0 | Y7: =SUM($H$73:$H$78) -> 0 | Z7: =SUM($H$73:$H$78) -> 0 | AA7: =SUM($H$73:$H$78) -> 0 | AC7: Car disposal | AD7: =SUM(L37:L41) -> 0 | AF7: =SUM($L$73:$L$78) -> 0 | AH7: =SUM($L$73:$L$78) -> 0 | AJ7: =SUM($L$73:$L$78) -> 0 | AL7: =SUM($L$73:$L$78) -> 0 | AO7: 2000 | AP7: =AP$5+AD$8*$AO7 -> 0 | AQ7: =AQ$5+AF$9*$AO7 -> 0 | AR7: =AR$5+AH$10*$AO7 -> 0 | AS7: =AS$5+AJ$11*$AO7 -> 0 | AT7: =AT$5+AL$12*$AO7 -> 0 | AV7: =AO7 -> 2000 | AW7: =AP7/$AV7 -> 0 | AX7: =AQ7/$AV7 -> 0 | AY7: =AR7/$AV7 -> 0 | AZ7: =AS7/$AV7 -> 0 | BA7: =AT7/$AV7 -> 0
C8: kg | E8: =D8*$B8 -> 0 | F8: =E8/E$43 -> #DIV/0! | H8: =G8*$B8 -> 0 | I8: =H8/H$43 -> #DIV/0! | J8: =H8/E8*$B$2 -> #DIV/0! | L8: =K8*$B8 -> 0 | M8: =L8/L$43 -> #DIV/0! | O8: Petrol gas | P8: =E34 -> 0 | V8: Petrol gas | W8: =H34+H35 -> 0 | AC8: Petrol gas | AD8: =L34+L35 -> 0 | AO8: 3000 | AP8: =AP$5+AD$8*$AO8 -> 0 | AQ8: =AQ$5+AF$9*$AO8 -> 0 | AR8: =AR$5+AH$10*$AO8 -> 0 | AS8: =AS$5+AJ$11*$AO8 -> 0 | AT8: =AT$5+AL$12*$AO8 -> 0 | AV8: =AO8 -> 3000 | AW8: =AP8/$AV8 -> 0 | AX8: =AQ8/$AV8 -> 0 | AY8: =AR8/$AV8 -> 0 | AZ8: =AS8/$AV8 -> 0 | BA8: =AT8/$AV8 -> 0
C9: kg | E9: =D9*$B9 -> 0 | F9: =E9/E$43 -> #DIV/0! | H9: =G9*$B9 -> 0 | I9: =H9/H$43 -> #DIV/0! | J9: =H9/E9*$B$2 -> #DIV/0! | L9: =K9*$B9 -> 0 | M9: =L9/L$43 -> #DIV/0! | O9: Electric charging - RER | Q9: =E68 -> 0 | V9: Electric charging - RER | X9: =H68 -> 0 | AC9: Electric charging - RER | AF9: =L68 -> 0 | AO9: 5000 | AP9: =AP$5+AD$8*$AO9 -> 0 | AQ9: =AQ$5+AF$9*$AO9 -> 0 | AR9: =AR$5+AH$10*$AO9 -> 0 | AS9: =AS$5+AJ$11*$AO9 -> 0 | AT9: =AT$5+AL$12*$AO9 -> 0 | AV9: =AO9 -> 5000 | AW9: =AP9/$AV9 -> 0 | AX9: =AQ9/$AV9 -> 0 | AY9: =AR9/$AV9 -> 0 | AZ9: =AS9/$AV9 -> 0 | BA9: =AT9/$AV9 -> 0
C10: kg | E10: =D10*$B10 -> 0 | F10: =E10/E$43 -> #DIV/0! | H10: =G10*$B10 -> 0 | I10: =H10/H$43 -> #DIV/0! | J10: =H10/E10*$B$2 -> #DIV/0! | L10: =K10*$B10 -> 0 | M10: =L10/L$43 -> #DIV/0! | O10: Electric charging - wind | R10: =E69 -> 0 | V10: Electric charging - wind | Y10: =H69 -> 0 | AC10: Electric charging - wind | AH10: =L69 -> 0 | AO10: 7000 | AP10: =AP$5+AD$8*$AO10 -> 0 | AQ10: =AQ$5+AF$9*$AO10 -> 0 | AR10: =AR$5+AH$10*$AO10 -> 0 | AS10: =AS$5+AJ$11*$AO10 -> 0 | AT10: =AT$5+AL$12*$AO10 -> 0 | AV10: =AO10 -> 7000 | AW10: =AP10/$AV10 -> 0 | AX10: =AQ10/$AV10 -> 0 | AY10: =AR10/$AV10 -> 0 | AZ10: =AS10/$AV10 -> 0 | BA10: =AT10/$AV10 -> 0
C11: kg | E11: =D11*$B11 -> 0 | F11: =E11/E$43 -> #DIV/0! | H11: =G11*$B11 -> 0 | I11: =H11/H$43 -> #DIV/0! | J11: =H11/E11*$B$2 -> #DIV/0! | L11: =K11*$B11 -> 0 | M11: =L11/L$43 -> #DIV/0! | O11: Electric charging - photovoltaic | S11: =E70 -> 0 | V11: Electric charging - photovoltaic | Z11: =H70 -> 0 | AC11: Electric charging - photovoltaic | AJ11: =L70 -> 0 | AO11: 10000 | AP11: =AP$5+AD$8*$AO11 -> 0 | AQ11: =AQ$5+AF$9*$AO11 -> 0 | AR11: =AR$5+AH$10*$AO11 -> 0 | AS11: =AS$5+AJ$11*$AO11 -> 0 | AT11: =AT$5+AL$12*$AO11 -> 0 | AV11: =AO11 -> 10000 | AW11: =AP11/$AV11 -> 0 | AX11: =AQ11/$AV11 -> 0 | AY11: =AR11/$AV11 -> 0 | AZ11: =AS11/$AV11 -> 0 | BA11: =AT11/$AV11 -> 0
C12: kg | E12: =D12*$B12 -> 0 | F12: =E12/E$43 -> #DIV/0! | H12: =G12*$B12 -> 0 | I12: =H12/H$43 -> #DIV/0! | J12: =H12/E12*$B$2 -> #DIV/0! | L12: =K12*$B12 -> 0 | M12: =L12/L$43 -> #DIV/0! | O12: Electric charging - hard coal | T12: =E71 -> 0 | V12: Electric charging - hard coal | AA12: =H71 -> 0 | AC12: Electric charging - hard coal | AL12: =L71 -> 0 | AO12: 20000 | AP12: =AP$5+AD$8*$AO12 -> 0 | AQ12: =AQ$5+AF$9*$AO12 -> 0 | AR12: =AR$5+AH$10*$AO12 -> 0 | AS12: =AS$5+AJ$11*$AO12 -> 0 | AT12: =AT$5+AL$12*$AO12 -> 0 | AV12: =AO12 -> 20000 | AW12: =AP12/$AV12 -> 0 | AX12: =AQ12/$AV12 -> 0 | AY12: =AR12/$AV12 -> 0 | AZ12: =AS12/$AV12 -> 0 | BA12: =AT12/$AV12 -> 0
C13: kg | E13: =D13*$B13 -> 0 | F13: =E13/E$43 -> #DIV/0! | H13: =G13*$B13 -> 0 | I13: =H13/H$43 -> #DIV/0! | J13: =H13/E13*$B$2 -> #DIV/0! | L13: =K13*$B13 -> 0 | M13: =L13/L$43 -> #DIV/0! | O13: Net value | P13: =SUM(P5:P8) -> 0 | Q13: =SUM(Q5:Q9) -> 0 | R13: =SUM(R5:R7, R10) -> 0 | S13: =SUM(S5:S7,S11) -> 0 | T13: =SUM(T5:T7,T12) -> 0 | V13: Net value | W13: =SUM(W5:W11) -> 0 | X13: =SUM(X5:X11) -> 0 | Y13: =SUM(Y5:Y11) -> 0 | Z13: =SUM(Z5:Z11) -> 0 | AA13: =SUM(AA5:AA12) -> 0 | AC13: Net value | AD13: =SUM(AD5:AD8) -> 0 | AF13: =SUM(AF5:AF9) -> 0 | AH13: =SUM(AH5:AH7, AH10) -> 0 | AJ13: =SUM(AJ5:AJ7, AJ11) -> 0 | AL13: =SUM(AL5:AL7, AL12) -> 0 | AO13: 30000 | AP13: =AP$5+AD$8*$AO13 -> 0 | AQ13: =AQ$5+AF$9*$AO13 -> 0 | AR13: =AR$5+AH$10*$AO13 -> 0 | AS13: =AS$5+AJ$11*$AO13 -> 0 | AT13: =AT$5+AL$12*$AO13 -> 0 | AV13: =AO13 -> 30000 | AW13: =AP13/$AV13 -> 0 | AX13: =AQ13/$AV13 -> 0 | AY13: =AR13/$AV13 -> 0 | AZ13: =AS13/$AV13 -> 0 | BA13: =AT13/$AV13 -> 0
C14: kg | E14: =D14*$B14 -> 0 | F14: =E14/E$43 -> #DIV/0! | H14: =G14*$B14 -> 0 | I14: =H14/H$43 -> #DIV/0! | J14: =H14/E14*$B$2 -> #DIV/0! | L14: =K14*$B14 -> 0 | M14: =L14/L$43 -> #DIV/0! | AC14: Climate change, short term - Open LCA | AO14: 40000 | AP14: =AP$5+AD$8*$AO14 -> 0 | AQ14: =AQ$5+AF$9*$AO14 -> 0 | AR14: =AR$5+AH$10*$AO14 -> 0 | AS14: =AS$5+AJ$11*$AO14 -> 0 | AT14: =AT$5+AL$12*$AO14 -> 0 | AV14: =AO14 -> 40000 | AW14: =AP14/$AV14 -> 0 | AX14: =AQ14/$AV14 -> 0 | AY14: =AR14/$AV14 -> 0 | AZ14: =AS14/$AV14 -> 0 | BA14: =AT14/$AV14 -> 0
C15: kg | E15: =D15*$B15 -> 0 | F15: =E15/E$43 -> #DIV/0! | H15: =G15*$B15 -> 0 | I15: =H15/H$43 -> #DIV/0! | J15: =H15/E15*$B$2 -> #DIV/0! | L15: =K15*$B15 -> 0 | M15: =L15/L$43 -> #DIV/0! | AC15: from open LCA in kgCO2equ short per FU | AO15: 50000 | AP15: =AP$5+AD$8*$AO15 -> 0 | AQ15: =AQ$5+AF$9*$AO15 -> 0 | AR15: =AR$5+AH$10*$AO15 -> 0 | AS15: =AS$5+AJ$11*$AO15 -> 0 | AT15: =AT$5+AL$12*$AO15 -> 0 | AV15: =AO15 -> 50000 | AW15: =AP15/$AV15 -> 0 | AX15: =AQ15/$AV15 -> 0 | AY15: =AR15/$AV15 -> 0 | AZ15: =AS15/$AV15 -> 0 | BA15: =AT15/$AV15 -> 0
C16: v | E16: =D16*$B16 -> 0 | F16: =E16/E$43 -> #DIV/0! | H16: =G16*$B16 -> 0 | I16: =H16/H$43 -> #DIV/0! | J16: =H16/E16*$B$2 -> #DIV/0! | L16: =K16*$B16 -> 0 | M16: =L16/L$43 -> #DIV/0! | T16: =0.024/0.065/55*100 -> 0.67132867 | AO16: 60000 | AP16: =AP$5+AD$8*$AO16 -> 0 | AQ16: =AQ$5+AF$9*$AO16 -> 0 | AR16: =AR$5+AH$10*$AO16 -> 0 | AS16: =AS$5+AJ$11*$AO16 -> 0 | AT16: =AT$5+AL$12*$AO16 -> 0 | AV16: =AO16 -> 60000 | AW16: =AP16/$AV16 -> 0 | AX16: =AQ16/$AV16 -> 0 | AY16: =AR16/$AV16 -> 0 | AZ16: =AS16/$AV16 -> 0 | BA16: =AT16/$AV16 -> 0
C17: kg | E17: =D17*$B17 -> 0 | F17: =E17/E$43 -> #DIV/0! | H17: =G17*$B17 -> 0 | I17: =H17/H$43 -> #DIV/0! | J17: =H17/E17*$B$2 -> #DIV/0! | L17: =K17*$B17 -> 0 | M17: =L17/L$43 -> #DIV/0! | AO17: 70000 | AP17: =AP$5+AD$8*$AO17 -> 0 | AQ17: =AQ$5+AF$9*$AO17 -> 0 | AR17: =AR$5+AH$10*$AO17 -> 0 | AS17: =AS$5+AJ$11*$AO17 -> 0 | AT17: =AT$5+AL$12*$AO17 -> 0 | AV17: =AO17 -> 70000 | AW17: =AP17/$AV17 -> 0 | AX17: =AQ17/$AV17 -> 0 | AY17: =AR17/$AV17 -> 0 | AZ17: =AS17/$AV17 -> 0 | BA17: =AT17/$AV17 -> 0
C18: kg | E18: =D18*$B18 -> 0 | F18: =E18/E$43 -> #DIV/0! | H18: =G18*$B18 -> 0 | I18: =H18/H$43 -> #DIV/0! | J18: =H18/E18*$B$2 -> #DIV/0! | L18: =K18*$B18 -> 0 | M18: =L18/L$43 -> #DIV/0! | AO18: 80000 | AP18: =AP$5+AD$8*$AO18 -> 0 | AQ18: =AQ$5+AF$9*$AO18 -> 0 | AR18: =AR$5+AH$10*$AO18 -> 0 | AS18: =AS$5+AJ$11*$AO18 -> 0 | AT18: =AT$5+AL$12*$AO18 -> 0 | AV18: =AO18 -> 80000 | AW18: =AP18/$AV18 -> 0 | AX18: =AQ18/$AV18 -> 0 | AY18: =AR18/$AV18 -> 0 | AZ18: =AS18/$AV18 -> 0 | BA18: =AT18/$AV18 -> 0
C19: kg | E19: =D19*$B19 -> 0 | F19: =E19/E$43 -> #DIV/0! | H19: =G19*$B19 -> 0 | I19: =H19/H$43 -> #DIV/0! | J19: =H19/E19*$B$2 -> #DIV/0! | L19: =K19*$B19 -> 0 | M19: =L19/L$43 -> #DIV/0! | AO19: 90000 | AP19: =AP$5+AD$8*$AO19 -> 0 | AQ19: =AQ$5+AF$9*$AO19 -> 0 | AR19: =AR$5+AH$10*$AO19 -> 0 | AS19: =AS$5+AJ$11*$AO19 -> 0 | AT19: =AT$5+AL$12*$AO19 -> 0 | AV19: =AO19 -> 90000 | AW19: =AP19/$AV19 -> 0 | AX19: =AQ19/$AV19 -> 0 | AY19: =AR19/$AV19 -> 0 | AZ19: =AS19/$AV19 -> 0 | BA19: =AT19/$AV19 -> 0
C20: kg | E20: =D20*$B20 -> 0 | F20: =E20/E$43 -> #DIV/0! | H20: =G20*$B20 -> 0 | I20: =H20/H$43 -> #DIV/0! | J20: =H20/E20*$B$2 -> #DIV/0! | L20: =K20*$B20 -> 0 | M20: =L20/L$43 -> #DIV/0! | AO20: 100000 | AP20: =AP$5+AD$8*$AO20 -> 0 | AQ20: =AQ$5+AF$9*$AO20 -> 0 | AR20: =AR$5+AH$10*$AO20 -> 0 | AS20: =AS$5+AJ$11*$AO20 -> 0 | AT20: =AT$5+AL$12*$AO20 -> 0 | AV20: =AO20 -> 100000 | AW20: =AP20/$AV20 -> 0 | AX20: =AQ20/$AV20 -> 0 | AY20: =AR20/$AV20 -> 0 | AZ20: =AS20/$AV20 -> 0 | BA20: =AT20/$AV20 -> 0
C21: kg | E21: =D21*$B21 -> 0 | F21: =E21/E$43 -> #DIV/0! | H21: =G21*$B21 -> 0 | I21: =H21/H$43 -> #DIV/0! | J21: =H21/E21*$B$2 -> #DIV/0! | L21: =K21*$B21 -> 0 | M21: =L21/L$43 -> #DIV/0! | AO21: 110000 | AP21: =AP$5+AD$8*$AO21 -> 0 | AQ21: =AQ$5+AF$9*$AO21 -> 0 | AR21: =AR$5+AH$10*$AO21 -> 0 | AS21: =AS$5+AJ$11*$AO21 -> 0 | AT21: =AT$5+AL$12*$AO21 -> 0 | AV21: =AO21 -> 110000 | AW21: =AP21/$AV21 -> 0 | AX21: =AQ21/$AV21 -> 0 | AY21: =AR21/$AV21 -> 0 | AZ21: =AS21/$AV21 -> 0 | BA21: =AT21/$AV21 -> 0
C22: kg | E22: =D22*$B22 -> 0 | F22: =E22/E$43 -> #DIV/0! | H22: =G22*$B22 -> 0 | I22: =H22/H$43 -> #DIV/0! | J22: =H22/E22*$B$2 -> #DIV/0! | L22: =K22*$B22 -> 0 | M22: =L22/L$43 -> #DIV/0! | AO22: 120000 | AP22: =AP$5+AD$8*$AO22 -> 0 | AQ22: =AQ$5+AF$9*$AO22 -> 0 | AR22: =AR$5+AH$10*$AO22 -> 0 | AS22: =AS$5+AJ$11*$AO22 -> 0 | AT22: =AT$5+AL$12*$AO22 -> 0 | AV22: =AO22 -> 120000 | AW22: =AP22/$AV22 -> 0 | AX22: =AQ22/$AV22 -> 0 | AY22: =AR22/$AV22 -> 0 | AZ22: =AS22/$AV22 -> 0 | BA22: =AT22/$AV22 -> 0
C23: kg | E23: =D23*$B23 -> 0 | F23: =E23/E$43 -> #DIV/0! | H23: =G23*$B23 -> 0 | I23: =H23/H$43 -> #DIV/0! | J23: =H23/E23*$B$2 -> #DIV/0! | L23: =K23*$B23 -> 0 | M23: =L23/L$43 -> #DIV/0! | AO23: 130000 | AP23: =AP$5+AD$8*$AO23 -> 0 | AQ23: =AQ$5+AF$9*$AO23 -> 0 | AR23: =AR$5+AH$10*$AO23 -> 0 | AS23: =AS$5+AJ$11*$AO23 -> 0 | AT23: =AT$5+AL$12*$AO23 -> 0 | AV23: =AO23 -> 130000 | AW23: =AP23/$AV23 -> 0 | AX23: =AQ23/$AV23 -> 0 | AY23: =AR23/$AV23 -> 0 | AZ23: =AS23/$AV23 -> 0 | BA23: =AT23/$AV23 -> 0
C24: kg | E24: =D24*$B24 -> 0 | F24: =E24/E$43 -> #DIV/0! | H24: =G24*$B24 -> 0 | I24: =H24/H$43 -> #DIV/0! | J24: =H24/E24*$B$2 -> #DIV/0! | L24: =K24*$B24 -> 0 | M24: =L24/L$43 -> #DIV/0! | AO24: 140000 | AP24: =AP$5+AD$8*$AO24 -> 0 | AQ24: =AQ$5+AF$9*$AO24 -> 0 | AR24: =AR$5+AH$10*$AO24 -> 0 | AS24: =AS$5+AJ$11*$AO24 -> 0 | AT24: =AT$5+AL$12*$AO24 -> 0 | AV24: =AO24 -> 140000 | AW24: =AP24/$AV24 -> 0 | AX24: =AQ24/$AV24 -> 0 | AY24: =AR24/$AV24 -> 0 | AZ24: =AS24/$AV24 -> 0 | BA24: =AT24/$AV24 -> 0
C25: kg | E25: =D25*$B25 -> 0 | F25: =E25/E$43 -> #DIV/0! | H25: =G25*$B25 -> 0 | I25: =H25/H$43 -> #DIV/0! | J25: =H25/E25*$B$2 -> #DIV/0! | L25: =K25*$B25 -> 0 | M25: =L25/L$43 -> #DIV/0! | AO25: 150000 | AP25: =AP$5+AD$8*$AO25 -> 0 | AQ25: =AQ$5+AF$9*$AO25 -> 0 | AR25: =AR$5+AH$10*$AO25 -> 0 | AS25: =AS$5+AJ$11*$AO25 -> 0 | AT25: =AT$5+AL$12*$AO25 -> 0 | AV25: =AO25 -> 150000 | AW25: =AP25/$AV25 -> 0 | AX25: =AQ25/$AV25 -> 0 | AY25: =AR25/$AV25 -> 0 | AZ25: =AS25/$AV25 -> 0 | BA25: =AT25/$AV25 -> 0
C26: kg | E26: =D26*$B26 -> 0 | F26: =E26/E$43 -> #DIV/0! | H26: =G26*$B26 -> 0 | I26: =H26/H$43 -> #DIV/0! | J26: =H26/E26*$B$2 -> #DIV/0! | L26: =K26*$B26 -> 0 | M26: =L26/L$43 -> #DIV/0! | AO26: 160000 | AP26: =AP$5+AD$8*$AO26 -> 0 | AQ26: =AQ$5+AF$9*$AO26 -> 0 | AR26: =AR$5+AH$10*$AO26 -> 0 | AS26: =AS$5+AJ$11*$AO26 -> 0 | AT26: =AT$5+AL$12*$AO26 -> 0 | AV26: =AO26 -> 160000 | AW26: =AP26/$AV26 -> 0 | AX26: =AQ26/$AV26 -> 0 | AY26: =AR26/$AV26 -> 0 | AZ26: =AS26/$AV26 -> 0 | BA26: =AT26/$AV26 -> 0
C27: kg | E27: =D27*$B27 -> 0 | F27: =E27/E$43 -> #DIV/0! | H27: =G27*$B27 -> 0 | I27: =H27/H$43 -> #DIV/0! | J27: =H27/E27*$B$2 -> #DIV/0! | L27: =K27*$B27 -> 0 | M27: =L27/L$43 -> #DIV/0! | AO27: 170000 | AP27: =AP$5+AD$8*$AO27 -> 0 | AQ27: =AQ$5+AF$9*$AO27 -> 0 | AR27: =AR$5+AH$10*$AO27 -> 0 | AS27: =AS$5+AJ$11*$AO27 -> 0 | AT27: =AT$5+AL$12*$AO27 -> 0 | AV27: =AO27 -> 170000 | AW27: =AP27/$AV27 -> 0 | AX27: =AQ27/$AV27 -> 0 | AY27: =AR27/$AV27 -> 0 | AZ27: =AS27/$AV27 -> 0 | BA27: =AT27/$AV27 -> 0
C28: kg | E28: =D28*$B28 -> 0 | F28: =E28/E$43 -> #DIV/0! | H28: =G28*$B28 -> 0 | I28: =H28/H$43 -> #DIV/0! | J28: =H28/E28*$B$2 -> #DIV/0! | L28: =K28*$B28 -> 0 | M28: =L28/L$43 -> #DIV/0! | AO28: 180000 | AP28: =AP$5+AD$8*$AO28 -> 0 | AQ28: =AQ$5+AF$9*$AO28 -> 0 | AR28: =AR$5+AH$10*$AO28 -> 0 | AS28: =AS$5+AJ$11*$AO28 -> 0 | AT28: =AT$5+AL$12*$AO28 -> 0 | AV28: =AO28 -> 180000 | AW28: =AP28/$AV28 -> 0 | AX28: =AQ28/$AV28 -> 0 | AY28: =AR28/$AV28 -> 0 | AZ28: =AS28/$AV28 -> 0 | BA28: =AT28/$AV28 -> 0
A29: Transportation | AO29: 190000 | AP29: =AP$5+AD$8*$AO29 -> 0 | AQ29: =AQ$5+AF$9*$AO29 -> 0 | AR29: =AR$5+AH$10*$AO29 -> 0 | AS29: =AS$5+AJ$11*$AO29 -> 0 | AT29: =AT$5+AL$12*$AO29 -> 0 | AV29: =AO29 -> 190000 | AW29: =AP29/$AV29 -> 0 | AX29: =AQ29/$AV29 -> 0 | AY29: =AR29/$AV29 -> 0 | AZ29: =AS29/$AV29 -> 0 | BA29: =AT29/$AV29 -> 0
C30: t-km | E30: =D30*$B30 -> 0 | F30: =E30/E$43 -> #DIV/0! | H30: =G30*$B30 -> 0 | I30: =H30/H$43 -> #DIV/0! | J30: =H30/E30*$B$2 -> #DIV/0! | L30: =K30*$B30 -> 0 | M30: =L30/L$43 -> #DIV/0! | AO30: 200000 | AP30: =AP$5+AD$8*$AO30 -> 0 | AQ30: =AQ$5+AF$9*$AO30 -> 0 | AR30: =AR$5+AH$10*$AO30 -> 0 | AS30: =AS$5+AJ$11*$AO30 -> 0 | AT30: =AT$5+AL$12*$AO30 -> 0 | AV30: =AO30 -> 200000 | AW30: =AP30/$AV30 -> 0 | AX30: =AQ30/$AV30 -> 0 | AY30: =AR30/$AV30 -> 0 | AZ30: =AS30/$AV30 -> 0 | BA30: =AT30/$AV30 -> 0
C31: t-km | E31: =D31*$B31 -> 0 | F31: =E31/E$43 -> #DIV/0! | H31: =G31*$B31 -> 0 | I31: =H31/H$43 -> #DIV/0! | J31: =H31/E31*$B$2 -> #DIV/0! | L31: =K31*$B31 -> 0 | M31: =L31/L$43 -> #DIV/0! | AO31: 210000 | AP31: =AP$5+AD$8*$AO31 -> 0 | AQ31: =AQ$5+AF$9*$AO31 -> 0 | AR31: =AR$5+AH$10*$AO31 -> 0 | AS31: =AS$5+AJ$11*$AO31 -> 0 | AT31: =AT$5+AL$12*$AO31 -> 0 | AV31: =AO31 -> 210000 | AW31: =AP31/$AV31 -> 0 | AX31: =AQ31/$AV31 -> 0 | AY31: =AR31/$AV31 -> 0 | AZ31: =AS31/$AV31 -> 0 | BA31: =AT31/$AV31 -> 0
C32: t-km | E32: =D32*$B32 -> 0 | F32: =E32/E$43 -> #DIV/0! | H32: =G32*$B32 -> 0 | I32: =H32/H$43 -> #DIV/0! | J32: =H32/E32*$B$2 -> #DIV/0! | L32: =K32*$B32 -> 0 | M32: =L32/L$43 -> #DIV/0! | AO32: 220000 | AP32: =AP$5+AD$8*$AO32 -> 0 | AQ32: =AQ$5+AF$9*$AO32 -> 0 | AR32: =AR$5+AH$10*$AO32 -> 0 | AS32: =AS$5+AJ$11*$AO32 -> 0 | AT32: =AT$5+AL$12*$AO32 -> 0 | AV32: =AO32 -> 220000 | AW32: =AP32/$AV32 -> 0 | AX32: =AQ32/$AV32 -> 0 | AY32: =AR32/$AV32 -> 0 | AZ32: =AS32/$AV32 -> 0 | BA32: =AT32/$AV32 -> 0
A33: Use phase | AO33: 230000 | AP33: =AP$5+AD$8*$AO33 -> 0 | AQ33: =AQ$5+AF$9*$AO33 -> 0 | AR33: =AR$5+AH$10*$AO33 -> 0 | AS33: =AS$5+AJ$11*$AO33 -> 0 | AT33: =AT$5+AL$12*$AO33 -> 0 | AV33: =AO33 -> 230000 | AW33: =AP33/$AV33 -> 0 | AX33: =AQ33/$AV33 -> 0 | AY33: =AR33/$AV33 -> 0 | AZ33: =AS33/$AV33 -> 0 | BA33: =AT33/$AV33 -> 0
C34: kg | E34: =D34*$B34 -> 0 | F34: =E34/E$43 -> #DIV/0! | H34: =G34*$B34 -> 0 | I34: =H34/H$43 -> #DIV/0! | J34: =H34/E34*$B$2 -> #DIV/0! | L34: =K34*$B34 -> 0 | M34: =L34/L$43 -> #DIV/0! | AO34: 240000 | AP34: =AP$5+AD$8*$AO34 -> 0 | AQ34: =AQ$5+AF$9*$AO34 -> 0 | AR34: =AR$5+AH$10*$AO34 -> 0 | AS34: =AS$5+AJ$11*$AO34 -> 0 | AT34: =AT$5+AL$12*$AO34 -> 0 | AV34: =AO34 -> 240000 | AW34: =AP34/$AV34 -> 0 | AX34: =AQ34/$AV34 -> 0 | AY34: =AR34/$AV34 -> 0 | AZ34: =AS34/$AV34 -> 0 | BA34: =AT34/$AV34 -> 0
C35: kg | E35: =D35*$B35 -> 0 | F35: =E35/E$43 -> #DIV/0! | H35: =G35*$B35 -> 0 | I35: =H35/H$43 -> #DIV/0! | J35: =H35/E34*$B$2 -> #DIV/0! | L35: =K35*$B35 -> 0 | M35: =L35/L$43 -> #DIV/0! | AO35: 250000 | AP35: =AP$5+AD$8*$AO35 -> 0 | AQ35: =AQ$5+AF$9*$AO35 -> 0 | AR35: =AR$5+AH$10*$AO35 -> 0 | AS35: =AS$5+AJ$11*$AO35 -> 0 | AT35: =AT$5+AL$12*$AO35 -> 0 | AV35: =AO35 -> 250000 | AW35: =AP35/$AV35 -> 0 | AX35: =AQ35/$AV35 -> 0 | AY35: =AR35/$AV35 -> 0 | AZ35: =AS35/$AV35 -> 0 | BA35: =AT35/$AV35 -> 0
A36: Disposal | AO36: 260000 | AP36: =AP$5+AD$8*$AO36 -> 0 | AQ36: =AQ$5+AF$9*$AO36 -> 0 | AR36: =AR$5+AH$10*$AO36 -> 0 | AS36: =AS$5+AJ$11*$AO36 -> 0 | AT36: =AT$5+AL$12*$AO36 -> 0 | AV36: =AO36 -> 260000 | AW36: =AP36/$AV36 -> 0 | AX36: =AQ36/$AV36 -> 0 | AY36: =AR36/$AV36 -> 0 | AZ36: =AS36/$AV36 -> 0 | BA36: =AT36/$AV36 -> 0
A37: emulsion paint incineration | C37: kg | E37: =D37*$B37 -> 0 | F37: =E37/E$43 -> #DIV/0! | H37: =G37*$B37 -> 0 | I37: =H37/H$43 -> #DIV/0! | J37: =H37/E37*$B$2 -> #DIV/0! | L37: =K37*$B37 -> 0 | M37: =L37/L$43 -> #DIV/0! | AO37: 270000 | AP37: =AP$5+AD$8*$AO37 -> 0 | AQ37: =AQ$5+AF$9*$AO37 -> 0 | AR37: =AR$5+AH$10*$AO37 -> 0 | AS37: =AS$5+AJ$11*$AO37 -> 0 | AT37: =AT$5+AL$12*$AO37 -> 0 | AV37: =AO37 -> 270000 | AW37: =AP37/$AV37 -> 0 | AX37: =AQ37/$AV37 -> 0 | AY37: =AR37/$AV37 -> 0 | AZ37: =AS37/$AV37 -> 0 | BA37: =AT37/$AV37 -> 0
A38: glass incineration | C38: kg | E38: =D38*$B38 -> 0 | F38: =E38/E$43 -> #DIV/0! | H38: =G38*$B38 -> 0 | I38: =H38/H$43 -> #DIV/0! | J38: =H38/E38*$B$2 -> #DIV/0! | L38: =K38*$B38 -> 0 | M38: =L38/L$43 -> #DIV/0! | AO38: 280000 | AP38: =AP$5+AD$8*$AO38 -> 0 | AQ38: =AQ$5+AF$9*$AO38 -> 0 | AR38: =AR$5+AH$10*$AO38 -> 0 | AS38: =AS$5+AJ$11*$AO38 -> 0 | AT38: =AT$5+AL$12*$AO38 -> 0 | AV38: =AO38 -> 280000 | AW38: =AP38/$AV38 -> 0 | AX38: =AQ38/$AV38 -> 0 | AY38: =AR38/$AV38 -> 0 | AZ38: =AS38/$AV38 -> 0 | BA38: =AT38/$AV38 -> 0
A39: plastic mixture incineration | C39: kg | E39: =D39*$B39 -> 0 | F39: =E39/E$43 -> #DIV/0! | H39: =G39*$B39 -> 0 | I39: =H39/H$43 -> #DIV/0! | J39: =H39/E39*$B$2 -> #DIV/0! | L39: =K39*$B39 -> 0 | M39: =L39/L$43 -> #DIV/0! | AO39: 290000 | AP39: =AP$5+AD$8*$AO39 -> 0 | AQ39: =AQ$5+AF$9*$AO39 -> 0 | AR39: =AR$5+AH$10*$AO39 -> 0 | AS39: =AS$5+AJ$11*$AO39 -> 0 | AT39: =AT$5+AL$12*$AO39 -> 0 | AV39: =AO39 -> 290000 | AW39: =AP39/$AV39 -> 0 | AX39: =AQ39/$AV39 -> 0 | AY39: =AR39/$AV39 -> 0 | AZ39: =AS39/$AV39 -> 0 | BA39: =AT39/$AV39 -> 0
A40: zinc in car shredder residue incineration | C40: kg | E40: =D40*$B40 -> 0 | F40: =E40/E$43 -> #DIV/0! | H40: =G40*$B40 -> 0 | I40: =H40/H$43 -> #DIV/0! | J40: =H40/E40*$B$2 -> #DIV/0! | L40: =K40*$B40 -> 0 | M40: =L40/L$43 -> #DIV/0! | AO40: 300000 | AP40: =AP$5+AD$8*$AO40 -> 0 | AQ40: =AQ$5+AF$9*$AO40 -> 0 | AR40: =AR$5+AH$10*$AO40 -> 0 | AS40: =AS$5+AJ$11*$AO40 -> 0 | AT40: =AT$5+AL$12*$AO40 -> 0 | AV40: =AO40 -> 300000 | AW40: =AP40/$AV40 -> 0 | AX40: =AQ40/$AV40 -> 0 | AY40: =AR40/$AV40 -> 0 | AZ40: =AS40/$AV40 -> 0 | BA40: =AT40/$AV40 -> 0
A41: aluminium recycling | C41: kg | E41: =D41*$B41 -> 0 | F41: =E41/E$43 -> #DIV/0! | H41: =G41*$B41 -> 0 | I41: =H41/H$43 -> #DIV/0! | J41: =H41/E41*$B$2 -> #DIV/0! | L41: =K41*$B41 -> 0 | M41: =L41/L$43 -> #DIV/0! | AO41: 310000 | AP41: =AP$5+AD$8*$AO41 -> 0 | AQ41: =AQ$5+AF$9*$AO41 -> 0 | AR41: =AR$5+AH$10*$AO41 -> 0 | AS41: =AS$5+AJ$11*$AO41 -> 0 | AT41: =AT$5+AL$12*$AO41 -> 0 | AV41: =AO41 -> 310000 | AW41: =AP41/$AV41 -> 0 | AX41: =AQ41/$AV41 -> 0 | AY41: =AR41/$AV41 -> 0 | AZ41: =AS41/$AV41 -> 0 | BA41: =AT41/$AV41 -> 0
A42: Total | AO42: 320000 | AP42: =AP$5+AD$8*$AO42 -> 0 | AQ42: =AQ$5+AF$9*$AO42 -> 0 | AR42: =AR$5+AH$10*$AO42 -> 0 | AS42: =AS$5+AJ$11*$AO42 -> 0 | AT42: =AT$5+AL$12*$AO42 -> 0 | AV42: =AO42 -> 320000 | AW42: =AP42/$AV42 -> 0 | AX42: =AQ42/$AV42 -> 0 | AY42: =AR42/$AV42 -> 0 | AZ42: =AS42/$AV42 -> 0 | BA42: =AT42/$AV42 -> 0
A43: Total | C43: - | E43: =SUM(E6:E40) -> 0 | F43: =E43/E$43 -> #DIV/0! | H43: =SUM(H6:H40) -> 0 | I43: =H43/H$43 -> #DIV/0! | J43: =H43/E43*$B$2 -> #DIV/0! | L43: =SUM(L6:L40) -> 0 | M43: =L43/L$43 -> #DIV/0! | AO43: 330000 | AP43: =AP$5+AD$8*$AO43 -> 0 | AQ43: =AQ$5+AF$9*$AO43 -> 0 | AR43: =AR$5+AH$10*$AO43 -> 0 | AS43: =AS$5+AJ$11*$AO43 -> 0 | AT43: =AT$5+AL$12*$AO43 -> 0 | AV43: =AO43 -> 330000 | AW43: =AP43/$AV43 -> 0 | AX43: =AQ43/$AV43 -> 0 | AY43: =AR43/$AV43 -> 0 | AZ43: =AS43/$AV43 -> 0 | BA43: =AT43/$AV43 -> 0
L44: =L43*Towel_hand_drying_cycle_stage[[#This Row],[CO2equ/Unit '[kg/unit']2]] -> 0 | AO44: 340000 | AP44: =AP$5+AD$8*$AO44 -> 0 | AQ44: =AQ$5+AF$9*$AO44 -> 0 | AR44: =AR$5+AH$10*$AO44 -> 0 | AS44: =AS$5+AJ$11*$AO44 -> 0 | AT44: =AT$5+AL$12*$AO44 -> 0 | AV44: =AO44 -> 340000 | AW44: =AP44/$AV44 -> 0 | AX44: =AQ44/$AV44 -> 0 | AY44: =AR44/$AV44 -> 0 | AZ44: =AS44/$AV44 -> 0 | BA44: =AT44/$AV44 -> 0
K45: DALY/kgCO2e | L45: DALY/FU | AO45: 350000 | AP45: =AP$5+AD$8*$AO45 -> 0 | AQ45: =AQ$5+AF$9*$AO45 -> 0 | AR45: =AR$5+AH$10*$AO45 -> 0 | AS45: =AS$5+AJ$11*$AO45 -> 0 | AT45: =AT$5+AL$12*$AO45 -> 0 | AV45: =AO45 -> 350000 | AW45: =AP45/$AV45 -> 0 | AX45: =AQ45/$AV45 -> 0 | AY45: =AR45/$AV45 -> 0 | AZ45: =AS45/$AV45 -> 0 | BA45: =AT45/$AV45 -> 0
A47: Transportation by Electric Vehicle FU= 1 vehicle km Life Cycle stage (225,000 km lifespan) | B47: Quantity per FU | C47: Unit | D47: Energy/Unit [MJ/Unit] | E47: Energy per FU [MJ/FU] | F47: fraction | G47: CO2/Unit [kg/unit] | H47: CO2/FU | I47: fraction2 | J47: Check g CO2/MJ | K47: CO2equ/Unit [kg/unit]2 | L47: CO2equ./FU | M47: fraction3
A48: Manufacturing (Materials + Processing)
C49: kg | E49: =D49*$B49 -> 0 | F49: =E49/E$80 -> #DIV/0! | H49: =G49*$B49 -> 0 | I49: =H49/H$43 -> #DIV/0! | J49: =H49/E49*$B$2 -> #DIV/0! | L49: =K49*$B49 -> 0 | M49: =L49/L$80 -> #DIV/0!
C50: kg | E50: =D50*$B50 -> 0 | F50: =E50/E$80 -> #DIV/0! | H50: =G50*$B50 -> 0 | I50: =H50/H$80 -> #DIV/0! | J50: =H50/E50*$B$2 -> #DIV/0! | L50: =K50*$B50 -> 0 | M50: =L50/L$80 -> #DIV/0!
C51: kg | E51: =D51*$B51 -> 0 | F51: =E51/E$80 -> #DIV/0! | H51: =G51*$B51 -> 0 | I51: =H51/H$80 -> #DIV/0! | J51: =H51/E51*$B$2 -> #DIV/0! | L51: =K51*$B51 -> 0 | M51: =L51/L$80 -> #DIV/0!
C52: kg | E52: =D52*$B52 -> 0 | F52: =E52/E$80 -> #DIV/0! | H52: =G52*$B52 -> 0 | I52: =H52/H$80 -> #DIV/0! | J52: =H52/E52*$B$2 -> #DIV/0! | L52: =K52*$B52 -> 0 | M52: =L52/L$80 -> #DIV/0!
C53: kg | E53: =D53*$B53 -> 0 | F53: =E53/E$80 -> #DIV/0! | H53: =G53*$B53 -> 0 | I53: =H53/H$80 -> #DIV/0! | J53: =H53/E53*$B$2 -> #DIV/0! | L53: =K53*$B53 -> 0 | M53: =L53/L$80 -> #DIV/0!
C54: kg | E54: =D54*$B54 -> 0 | F54: =E54/E$80 -> #DIV/0! | H54: =G54*$B54 -> 0 | I54: =H54/H$80 -> #DIV/0! | J54: =H54/E54*$B$2 -> #DIV/0! | L54: =K54*$B54 -> 0 | M54: =L54/L$80 -> #DIV/0!
C55: kg | E55: =D55*$B55 -> 0 | F55: =E55/E$80 -> #DIV/0! | H55: =G55*$B55 -> 0 | I55: =H55/H$80 -> #DIV/0! | J55: =H55/E55*$B$2 -> #DIV/0! | L55: =K55*$B55 -> 0 | M55: =L55/L$80 -> #DIV/0!
C56: kg | E56: =D56*$B56 -> 0 | F56: =E56/E$80 -> #DIV/0! | H56: =G56*$B56 -> 0 | I56: =H56/H$80 -> #DIV/0! | J56: =H56/E56*$B$2 -> #DIV/0! | L56: =K56*$B56 -> 0 | M56: =L56/L$80 -> #DIV/0!
C57: kg | E57: =D57*$B57 -> 0 | F57: =E57/E$80 -> #DIV/0! | H57: =G57*$B57 -> 0 | I57: =H57/H$80 -> #DIV/0! | J57: =H57/E57*$B$2 -> #DIV/0! | L57: =K57*$B57 -> 0 | M57: =L57/L$80 -> #DIV/0!
C58: kg | E58: =D58*$B58 -> 0 | F58: =E58/E$80 -> #DIV/0! | H58: =G58*$B58 -> 0 | I58: =H58/H$80 -> #DIV/0! | J58: =H58/E58*$B$2 -> #DIV/0! | L58: =K58*$B58 -> 0 | M58: =L58/L$80 -> #DIV/0!
C59: kg | E59: =D59*$B59 -> 0 | F59: =E59/E$80 -> #DIV/0! | H59: =G59*$B59 -> 0 | I59: =H59/H$80 -> #DIV/0! | J59: =H59/E59*$B$2 -> #DIV/0! | L59: =K59*$B59 -> 0 | M59: =L59/L$80 -> #DIV/0!
C60: kg | E60: =D60*$B60 -> 0 | F60: =E60/E$80 -> #DIV/0! | H60: =G60*$B60 -> 0 | I60: =H60/H$80 -> #DIV/0! | J60: =H60/E60*$B$2 -> #DIV/0! | L60: =K60*$B60 -> 0 | M60: =L60/L$80 -> #DIV/0!
C61: kg | E61: =D61*$B61 -> 0 | F61: =E61/E$80 -> #DIV/0! | H61: =G61*$B61 -> 0 | I61: =H61/H$80 -> #DIV/0! | J61: =H61/E61*$B$2 -> #DIV/0! | L61: =K61*$B61 -> 0 | M61: =L61/L$80 -> #DIV/0!
C62: kg | E62: =D62*$B62 -> 0 | F62: =E62/E$80 -> #DIV/0! | H62: =G62*$B62 -> 0 | I62: =H62/H$80 -> #DIV/0! | J62: =H62/E62*$B$2 -> #DIV/0! | L62: =K62*$B62 -> 0 | M62: =L62/L$80 -> #DIV/0!
A63: Transportation
C64: t-km | E64: =D64*$B64 -> 0 | F64: =E64/E$80 -> #DIV/0! | H64: =G64*$B64 -> 0 | I64: =H64/H$80 -> #DIV/0! | J64: =H64/E64*$B$2 -> #DIV/0! | L64: =K64*$B64 -> 0 | M64: =L64/L$80 -> #DIV/0!
C65: t-km | E65: =D65*$B65 -> 0 | F65: =E65/E$80 -> #DIV/0! | H65: =G65*$B65 -> 0 | I65: =H65/H$80 -> #DIV/0! | J65: =H65/E65*$B$2 -> #DIV/0! | L65: =K65*$B65 -> 0 | M65: =L65/L$80 -> #DIV/0!
C66: t-km | E66: =D66*$B66 -> 0 | F66: =E66/E$80 -> #DIV/0! | H66: =G66*$B66 -> 0 | I66: =H66/H$80 -> #DIV/0! | J66: =H66/E66*$B$2 -> #DIV/0! | L66: =K66*$B66 -> 0 | M66: =L66/L$80 -> #DIV/0!
A67: Use phase
C68: kWh | E68: =D68*$B68 -> 0 | F68: =E68/E$80 -> #DIV/0! | H68: =G68*$B68 -> 0 | I68: =H68/H$80 -> #DIV/0! | J68: =H68/E68*$B$2 -> #DIV/0! | L68: =K68*$B68 -> 0 | M68: =L68/L$80 -> #DIV/0!
C69: kWh | E69: =D69*$B69 -> 0 | F69: =electric_hand_drying_cycle_stage[[#This Row],[Energy per FU '[MJ/FU']]]/E81 -> #DIV/0! | H69: =G69*$B69 -> 0 | I69: =electric_hand_drying_cycle_stage[[#This Row],[CO2/FU]]/H81 -> #DIV/0! | J69: =H69/E69*$B$2 -> #DIV/0! | L69: =K69*$B69 -> 0 | M69: =L69/L$80 -> #DIV/0!
C70: kWh | E70: =D70*$B70 -> 0 | F70: =electric_hand_drying_cycle_stage[[#This Row],[Energy per FU '[MJ/FU']]]/E82 -> #DIV/0! | H70: =G70*$B70 -> 0 | I70: =electric_hand_drying_cycle_stage[[#This Row],[CO2/FU]]/H82 -> #DIV/0! | J70: =H70/E70*$B$2 -> #DIV/0! | L70: =K70*$B70 -> 0 | M70: =L70/L$80 -> #DIV/0!
C71: kWh | E71: =D71*$B71 -> 0 | F71: =electric_hand_drying_cycle_stage[[#This Row],[Energy per FU '[MJ/FU']]]/E83 -> #DIV/0! | H71: =G71*$B71 -> 0 | I71: =electric_hand_drying_cycle_stage[[#This Row],[CO2/FU]]/H83 -> #DIV/0! | J71: =H71/E71*$B$2 -> #DIV/0! | L71: =K71*$B71 -> 0 | M71: =L71/L$80 -> #DIV/0!
A72: Disposal | L72: =K72*$B72 -> 0
C73: kg | E73: =D73*$B73 -> 0 | F73: =E73/E$80 -> #DIV/0! | H73: =G73*$B73 -> 0 | I73: =H73/H$80 -> #DIV/0! | J73: =H73/E73*$B$2 -> #DIV/0! | L73: =K73*$B73 -> 0 | M73: =L73/L$80 -> #DIV/0!
C74: kg | E74: =D74*$B74 -> 0 | F74: =E74/E$80 -> #DIV/0! | H74: =G74*$B74 -> 0 | I74: =H74/H$80 -> #DIV/0! | J74: =H74/E74*$B$2 -> #DIV/0! | L74: =K74*$B74 -> 0 | M74: =L74/L$80 -> #DIV/0!
C75: kg | E75: =D75*$B75 -> 0 | F75: =E75/E$80 -> #DIV/0! | H75: =G75*$B75 -> 0 | I75: =H75/H$80 -> #DIV/0! | J75: =H75/E75*$B$2 -> #DIV/0! | L75: =K75*$B75 -> 0 | M75: =L75/L$80 -> #DIV/0!
C76: kg | E76: =D76*$B76 -> 0 | F76: =E76/E$80 -> #DIV/0! | H76: =G76*$B76 -> 0 | I76: =H76/H$80 -> #DIV/0! | J76: =H76/E76*$B$2 -> #DIV/0! | L76: =K76*$B76 -> 0 | M76: =L76/L$80 -> #DIV/0!
C77: kg | E77: =D77*$B77 -> 0 | F77: =E77/E$80 -> #DIV/0! | H77: =G77*$B77 -> 0 | I77: =H77/H$80 -> #DIV/0! | J77: =H77/E77*$B$2 -> #DIV/0! | L77: =K77*$B77 -> 0 | M77: =L77/L$80 -> #DIV/0!
C78: kg | E78: =D78*$B78 -> 0 | F78: =E78/E$80 -> #DIV/0! | H78: =G78*$B78 -> 0 | I78: =H78/H$80 -> #DIV/0! | J78: =H78/E78*$B$2 -> #DIV/0! | L78: =K78*$B78 -> 0 | M78: =L78/L$80 -> #DIV/0!
A79: Total | L79: =K79*$B79 -> 0 | M79: =L79/L$43 -> #DIV/0!
A80: Total EU electricity grid | C80: - | E80: =SUM(E$49:E$66)+SUM(E$73:E$78)+E68 -> 0 | F80: =E80/E$80 -> #DIV/0! | H80: =SUM(H$49:H$66)+SUM(H$73:H$78)+H68 -> 0 | I80: =H80/H$80 -> #DIV/0! | J80: =H80/E80*$B$2 -> #DIV/0! | L80: =SUM(L$49:L$66)+SUM(L$73:L$78)+L68 -> 0 | M80: =L80/L$43 -> #DIV/0!
A81: Total EU electricity wind | C81: - | E81: =SUM(E$49:E$66)+SUM(E$73:E$78)+E69 -> 0 | F81: =E81/E$80 -> #DIV/0! | H81: =SUM(H$49:H$66)+SUM(H$73:H$78)+H69 -> 0 | I81: =H81/H$80 -> #DIV/0! | J81: =H81/E81*$B$2 -> #DIV/0! | L81: =SUM(L$49:L$66)+SUM(L$73:L$78)+L69 -> 0 | M81: =L81/L$80 -> #DIV/0!
A82: Total EU electricity photovoltaic | C82: - | E82: =SUM(E$49:E$66)+SUM(E$73:E$78)+E70 -> 0 | F82: =E82/E$80 -> #DIV/0! | H82: =SUM(H$49:H$66)+SUM(H$73:H$78)+H70 -> 0 | I82: =H82/H$80 -> #DIV/0! | J82: =H82/E82*$B$2 -> #DIV/0! | L82: =SUM(L$49:L$66)+SUM(L$73:L$78)+L70 -> 0 | M82: =L82/L$80 -> #DIV/0!
A83: Total EU electricity hard coal | C83: - | E83: =SUM(E$49:E$66)+SUM(E$73:E$78)+E71 -> 0 | F83: =E83/E$80 -> #DIV/0! | H83: =SUM(H$49:H$66)+SUM(H$73:H$78)+H71 -> 0 | I83: =H83/H$80 -> #DIV/0! | J83: =H83/E83*$B$2 -> #DIV/0! | L83: =SUM(L$49:L$66)+SUM(L$73:L$78)+L71 -> 0 | M83: =L83/L$80 -> #DIV/0!
A84: Result discussion
A85: 3a. Gas vehicle - dominant contributions
A86: 3b.Electric vehicle- dominant contributions
A87: 3c. Comparison between scenarios
A88: 4. Interpretation of ratios gCO2/MJ
A89: 5. Importance of wind and photovolatic sourcing and electricity substitution related to use phase
Q96: =Processes!H80 -> 0
Q97: =Processes!H71 -> 0
Q99: 27.1
Q101: =Processes!H79 -> 0
Q102: =Processes!G78 -> 0
Q106: =Processes!H75 -> 0
Q107: =Processes!H76 -> 0
Q108: =Processes!H70 -> 0
Q113: Energy/Unit [MJ/Unit]
Q115: =Processes!H72 -> 0
Q116: =Processes!H73 -> 0
Q118: 27.1
...

Sheet Processes

Sheet Input for Students
A1: kg/t conversion factor | B1: 1000
A2: g/kg | B2: 1000
A4: Transportation by Gas Vehicle | B4: Reference Product Name | C4: Reference Product Unit
A5: Manufacturing (Materials + Processing) per Vehicule
A6: alkyd paint, white, without solvent, in 60% solution state | B6: 4.368 | C6: kg
A7: aluminium, primary, ingot | B7: 54.39 | C7: kg
A8: chromium oxide, flakes | B8: 2.52 | C8: kg
A9: sheet rolling, copper | B9: 21.21 | C9: kg
A10: electronics, for control units | B10: 6.11625 | C10: kg
A11: ethylene | B11: 19.425 | C11: kg
A12: ethylene glycol | B12: 5.04 | C12: kg
A13: flat glass, uncoated | B13: 31.605 | C13: kg
A14: heat, district or industrial, natural gas | B14: 2331 | C14: MJ
A15: lead | B15: 13.65 | C15: kg
A16: Light fuel oil, burned in furnace 1MW of greenhouse/MJ - RER | B16: 66.15 | C16: MJ
A17: nickel, class 1 | B17: 1.47 | C17: kg
... A28: electricity, medium voltage | B28: 624.16667 | C28: kWh
A29: Transportation per vehicle *Please see note in top-corner* | B29: Directly Use Numbers Below
A30: transport, freight train | B30: 0.00371 | C30: t-km
A31: transport, freight, lorry 16-32 metric ton | B31: 0.00039382 | C31: t-km
A32: transport, freight, sea, container ship | B32: 0.069333333 | C32: t-km
A33: Use phase per Vehicle-km) *Please see note in top-corner* | B33: Directly Use Numbers Below
A34: Supply chain petrol, low-sulfur | B34: 0.061904762 | C34: kg
A35: Direct combustion | B35: 0.061904762 | C35: kg
A36: Disposal Determine using given information
A37: emulsion paint incineration | C37: kg
A38: glass incineration | C38: kg
A39: plastic mixture incineration | C39: kg
A40: zinc in car shredder residue incineration | C40: kg
A41: aluminium recycling | C41: kg
A43: Transportation by Electric Vehicle | B43: Reference Product Name | C43: Reference Product Unit
A44: Manufacturing (Materials + Processing)
A45: alkyd paint, white, without solvent, in 60% solution state | C45: kg
A46: Battery, Li-ion, rechargeable, prismatic | C46: kg
A47: Copper | C47: kg
A48: Electronics, for control units | C48: kg
A49: ethylene glycol | C49: kg
A50: extruded and thermoformed plastic sheets | C50: kg
A51: flat glass, uncoated | C51: kg
A52: lubricating oil | C52: kg
A53: Metal working, average for aluminium product manufacturing | C53: kg
A54: Metal working, average for steel product manufacturing | C54: kg
A55: Polypropylene, granulate | C55: kg
A56: Polyurethane, rigid foam | C56: kg
... A58: synthetic rubber | C58: kg
A59: Transportation *Please see note in top-corner*
A60: transport, freight train | C60: t-km
A61: transport, freight, lorry 16-32 metric ton | C61: t-km
A62: transport, freight, sea, container ship | C62: t-km
A63: Use phase *Please see note in top-corner*
A64: electricity, medium voltage RER | C64: kWh
A65: For use phase sensitivity analyses:
A66: electricity, wind, 1-3MW turbine, onshore | C66: kWh
A67: electricity, photovoltaic, 570kWp open ground installation | C67: kWh
A68: electricity, hard coal | C68: kWh
A69: Disposal
A70: Recyling of iron and mixed metal scrap | C70: kg
A71: Determine using given information
A72: glass at landfill | C72: kg
A73: mineral oil incineration | C73: kg
A74: plastic, mixture at landfill | C74: kg
A75: waste polyurethane foam | C75: kg
A76: aluminium recycling | C76: kg
